{"metadata":{"asset_id":"7fe2dd8c-e1b9-4b39-b4ef-6292b06cb206","asset_attributes":["notebook"],"name":"EDA Data Wrangling Lab","asset_type":"notebook","created_at":"2022-01-25T02:09:20Z","description":"","origin_country":"us","owner_id":"IBMid-55000A9B5X","project_id":"db4d3d1b-c6bd-4e25-aa94-f3595d2783b4","size":33574,"tags":["notebook"],"usage":{"last_update_time":1650274992648,"last_updated_at":"2022-04-18T09:43:12Z"}},"entity":{"notebook":{"kernel":{"name":"python3","display_name":"Python 3.8","language":"python"},"originates_from":{"type":"blank"},"runtime":{"environment":"conda2py38-db4d3d1b-c6bd-4e25-aa94-f3595d2783b4"}}},"attachments":[{"id":"05651c94-0979-44ee-86c8-e20d94803d48","version":2,"asset_type":"notebook","name":"attachment for notebook 7fe2dd8c-e1b9-4b39-b4ef-6292b06cb206","description":"attachment for notebook 7fe2dd8c-e1b9-4b39-b4ef-6292b06cb206","mime":"application/json","datasource_type":"193a97c1-4475-4a19-b90c-295c4fdc6517","object_key":"notebook/EDA_Data_Wrangling_Lab_3o9eqLJ7c.ipynb","creator_id":"IBMid-55000A9B5X","create_time":1643076560984,"size":33574,"is_remote":false,"is_managed":false,"is_referenced":true,"is_object_key_read_only":false,"is_user_provided_path_key":true,"transfer_complete":true,"is_partitioned":false,"complete_time_ticks":1643076560984,"user_data":{},"test_doc":0,"handle":{"bucket":"applieddatasciencecapstoneproject-donotdelete-pr-qoabjlg7hu4eck","location":"us-geo","key":"notebook/EDA_Data_Wrangling_Lab_3o9eqLJ7c.ipynb","upload_id":"done","max_part_num":1},"usage":{"access_count":39,"last_accessor_id":"IBMid-55000A9B5X","last_access_time":1650080858056,"last_updater_id":"IBMid-55000A9B5X","last_update_time":1650080858056}}]}
