{"metadata":{"asset_id":"0dc0bdad-addf-42b7-93b5-31db03c06a8a","asset_attributes":["notebook"],"name":"Data Collection with Webscraping","asset_type":"notebook","created_at":"2022-01-25T00:44:34Z","description":"","origin_country":"us","owner_id":"IBMid-55000A9B5X","project_id":"db4d3d1b-c6bd-4e25-aa94-f3595d2783b4","size":41637,"tags":["notebook"],"usage":{"last_update_time":1650328240508,"last_updated_at":"2022-04-19T00:30:40Z"}},"entity":{"notebook":{"kernel":{"name":"python3","display_name":"Python 3.8","language":"python"},"originates_from":{"type":"blank"},"runtime":{"environment":"conda2py38-db4d3d1b-c6bd-4e25-aa94-f3595d2783b4"}}},"attachments":[{"id":"75b234b0-095c-4d4f-84db-37e79fc53e1b","version":2,"asset_type":"notebook","name":"attachment for notebook 0dc0bdad-addf-42b7-93b5-31db03c06a8a","description":"attachment for notebook 0dc0bdad-addf-42b7-93b5-31db03c06a8a","mime":"application/json","datasource_type":"193a97c1-4475-4a19-b90c-295c4fdc6517","object_key":"notebook/Data_Collection_with_Webscraping_QLQ9FTFnV.ipynb","creator_id":"IBMid-55000A9B5X","create_time":1643071475134,"size":41637,"is_remote":false,"is_managed":false,"is_referenced":true,"is_object_key_read_only":false,"is_user_provided_path_key":true,"transfer_complete":true,"is_partitioned":false,"complete_time_ticks":1643071475134,"user_data":{},"test_doc":0,"handle":{"bucket":"applieddatasciencecapstoneproject-donotdelete-pr-qoabjlg7hu4eck","location":"us-geo","key":"notebook/Data_Collection_with_Webscraping_QLQ9FTFnV.ipynb","upload_id":"done","max_part_num":1},"usage":{"access_count":19,"last_accessor_id":"IBMid-55000A9B5X","last_access_time":1643075953229,"last_updater_id":"IBMid-55000A9B5X","last_update_time":1643075953229}}]}
