{"metadata":{"asset_id":"dd3c7a82-284c-483f-a057-b56242cfe613","asset_attributes":["notebook"],"name":"EDA with Visualization Lab","asset_type":"notebook","created_at":"2022-01-26T03:55:01Z","description":"","origin_country":"us","owner_id":"IBMid-55000A9B5X","project_id":"db4d3d1b-c6bd-4e25-aa94-f3595d2783b4","size":166546,"tags":["notebook"],"usage":{"last_update_time":1650441795693,"last_updated_at":"2022-04-20T08:03:15Z"}},"entity":{"notebook":{"kernel":{"name":"python3","display_name":"Python 3.8","language":"python"},"originates_from":{"type":"blank"},"runtime":{"environment":"conda2py38-db4d3d1b-c6bd-4e25-aa94-f3595d2783b4"}}},"attachments":[{"id":"4402018c-82f0-4051-995c-9c12a6d0c3e7","version":2,"asset_type":"notebook","name":"attachment for notebook dd3c7a82-284c-483f-a057-b56242cfe613","description":"attachment for notebook dd3c7a82-284c-483f-a057-b56242cfe613","mime":"application/json","datasource_type":"193a97c1-4475-4a19-b90c-295c4fdc6517","object_key":"notebook/EDA_with_Visualization_Lab_76iJTPkfe.ipynb","creator_id":"IBMid-55000A9B5X","create_time":1643169301968,"size":166546,"is_remote":false,"is_managed":false,"is_referenced":true,"is_object_key_read_only":false,"is_user_provided_path_key":true,"transfer_complete":true,"is_partitioned":false,"complete_time_ticks":1643169301968,"user_data":{},"test_doc":0,"handle":{"bucket":"applieddatasciencecapstoneproject-donotdelete-pr-qoabjlg7hu4eck","location":"us-geo","key":"notebook/EDA_with_Visualization_Lab_76iJTPkfe.ipynb","upload_id":"done","max_part_num":1},"usage":{"access_count":77,"last_accessor_id":"IBMid-55000A9B5X","last_access_time":1650441795692,"last_updater_id":"IBMid-55000A9B5X","last_update_time":1650441795692}}]}
