{"metadata":{"asset_id":"f5dba495-d5fe-4ed9-bf8f-97f21de27ffe","asset_attributes":["notebook"],"name":"New Machine Learning Lab","asset_type":"notebook","created_at":"2022-06-01T04:46:19Z","description":"","origin_country":"us","owner_id":"IBMid-55000A9B5X","project_id":"db4d3d1b-c6bd-4e25-aa94-f3595d2783b4","size":96062,"tags":["notebook"],"usage":{"last_update_time":1654067220837,"last_updated_at":"2022-06-01T07:07:00Z"}},"entity":{"notebook":{"kernel":{"name":"python3","display_name":"Python 3.9","language":"python"},"originates_from":{"type":"blank"},"runtime":{"environment":"conda2rt221-db4d3d1b-c6bd-4e25-aa94-f3595d2783b4"}}},"attachments":[{"id":"9110fe51-2926-4f0c-b276-f1748ba5fb8d","version":2,"asset_type":"notebook","name":"attachment for notebook f5dba495-d5fe-4ed9-bf8f-97f21de27ffe","description":"attachment for notebook f5dba495-d5fe-4ed9-bf8f-97f21de27ffe","mime":"application/json","datasource_type":"193a97c1-4475-4a19-b90c-295c4fdc6517","object_key":"notebook/New_Machine_Learning_Lab_I5zhPiK7z.ipynb","creator_id":"IBMid-55000A9B5X","create_time":1654058780574,"size":96062,"is_remote":false,"is_managed":false,"is_referenced":true,"is_object_key_read_only":false,"is_user_provided_path_key":true,"transfer_complete":true,"is_partitioned":false,"complete_time_ticks":1654058780574,"user_data":{},"test_doc":0,"handle":{"bucket":"applieddatasciencecapstoneproject-donotdelete-pr-qoabjlg7hu4eck","location":"us-geo","key":"notebook/New_Machine_Learning_Lab_I5zhPiK7z.ipynb","upload_id":"done","max_part_num":1},"usage":{"access_count":16,"last_accessor_id":"IBMid-55000A9B5X","last_access_time":1654067220836,"last_updater_id":"IBMid-55000A9B5X","last_update_time":1654067220836}}]}
