{"metadata":{"asset_id":"d26a776a-c90b-49c4-8146-ea52cc3a5ea3","asset_attributes":["notebook"],"name":"Interactive Visual Analytics with Folium lab","asset_type":"notebook","created_at":"2022-01-27T06:12:55Z","description":"","origin_country":"us","owner_id":"IBMid-55000A9B5X","project_id":"db4d3d1b-c6bd-4e25-aa94-f3595d2783b4","size":156223,"tags":["notebook"],"usage":{"last_update_time":1654832001147,"last_updated_at":"2022-06-10T03:33:21Z"}},"entity":{"notebook":{"kernel":{"name":"python3","display_name":"Python 3.8","language":"python"},"originates_from":{"type":"blank"},"runtime":{"environment":"conda2py38-db4d3d1b-c6bd-4e25-aa94-f3595d2783b4"}}},"attachments":[{"id":"dfbf4bf9-3ca4-40ac-9fd0-7421bfeecbf6","version":2,"asset_type":"notebook","name":"attachment for notebook d26a776a-c90b-49c4-8146-ea52cc3a5ea3","description":"attachment for notebook d26a776a-c90b-49c4-8146-ea52cc3a5ea3","mime":"application/json","datasource_type":"193a97c1-4475-4a19-b90c-295c4fdc6517","object_key":"notebook/Interactive_Visual_Analytics_with_Folium_lab_GBdhWMTN3.ipynb","creator_id":"IBMid-55000A9B5X","create_time":1643263975529,"size":156223,"is_remote":false,"is_managed":false,"is_referenced":true,"is_object_key_read_only":false,"is_user_provided_path_key":true,"transfer_complete":true,"is_partitioned":false,"complete_time_ticks":1643263975529,"user_data":{},"test_doc":0,"handle":{"bucket":"applieddatasciencecapstoneproject-donotdelete-pr-qoabjlg7hu4eck","location":"us-geo","key":"notebook/Interactive_Visual_Analytics_with_Folium_lab_GBdhWMTN3.ipynb","upload_id":"done","max_part_num":1},"usage":{"access_count":150,"last_accessor_id":"IBMid-55000A9B5X","last_access_time":1651203347150,"last_updater_id":"IBMid-55000A9B5X","last_update_time":1651203347150}}]}
