{"metadata":{"asset_id":"a11ee3fd-5063-4bc0-9c24-d4efbaa21c49","asset_attributes":["notebook"],"name":"EDA with SQL Lab","asset_type":"notebook","created_at":"2022-01-26T00:39:13Z","description":"","origin_country":"us","owner_id":"IBMid-55000A9B5X","project_id":"db4d3d1b-c6bd-4e25-aa94-f3595d2783b4","size":58800,"tags":["notebook"],"usage":{"last_update_time":1651620318878,"last_updated_at":"2022-05-03T23:25:18Z"}},"entity":{"notebook":{"kernel":{"name":"python3","display_name":"Python 3.8","language":"python"},"originates_from":{"type":"blank"},"runtime":{"environment":"conda2py38-db4d3d1b-c6bd-4e25-aa94-f3595d2783b4"}}},"attachments":[{"id":"03b68456-127c-4e74-a5a3-c8ec6ae4cdad","version":2,"asset_type":"notebook","name":"attachment for notebook a11ee3fd-5063-4bc0-9c24-d4efbaa21c49","description":"attachment for notebook a11ee3fd-5063-4bc0-9c24-d4efbaa21c49","mime":"application/json","datasource_type":"193a97c1-4475-4a19-b90c-295c4fdc6517","object_key":"notebook/EDA_with_SQL_Lab_uKYAmUx3v.ipynb","creator_id":"IBMid-55000A9B5X","create_time":1643157553825,"size":58800,"is_remote":false,"is_managed":false,"is_referenced":true,"is_object_key_read_only":false,"is_user_provided_path_key":true,"transfer_complete":true,"is_partitioned":false,"complete_time_ticks":1643157553825,"user_data":{},"test_doc":0,"handle":{"bucket":"applieddatasciencecapstoneproject-donotdelete-pr-qoabjlg7hu4eck","location":"us-geo","key":"notebook/EDA_with_SQL_Lab_uKYAmUx3v.ipynb","upload_id":"done","max_part_num":1},"usage":{"access_count":43,"last_accessor_id":"IBMid-55000A9B5X","last_access_time":1651620318877,"last_updater_id":"IBMid-55000A9B5X","last_update_time":1651620318877}}]}
