{"metadata":{"asset_id":"594468ac-9275-448b-956f-6483481b9c2b","asset_attributes":["notebook"],"name":"Data Collection API Lab","asset_type":"notebook","created_at":"2022-01-24T05:02:41Z","description":"","origin_country":"us","owner_id":"IBMid-55000A9B5X","project_id":"db4d3d1b-c6bd-4e25-aa94-f3595d2783b4","size":444348,"tags":["notebook"],"usage":{"last_update_time":1650269413557,"last_updated_at":"2022-04-18T08:10:13Z"}},"entity":{"notebook":{"kernel":{"name":"python3","display_name":"Python 3.8","language":"python"},"originates_from":{"type":"blank"},"runtime":{"environment":"conda2py38-db4d3d1b-c6bd-4e25-aa94-f3595d2783b4"}}},"attachments":[{"id":"753b385f-01eb-4e2e-8128-411aa793412d","version":2,"asset_type":"notebook","name":"attachment for notebook 594468ac-9275-448b-956f-6483481b9c2b","description":"attachment for notebook 594468ac-9275-448b-956f-6483481b9c2b","mime":"application/json","datasource_type":"193a97c1-4475-4a19-b90c-295c4fdc6517","object_key":"notebook/Data_Collection_API_Lab_2bZVHXsKw.ipynb","creator_id":"IBMid-55000A9B5X","create_time":1643000562104,"size":444348,"is_remote":false,"is_managed":false,"is_referenced":true,"is_object_key_read_only":false,"is_user_provided_path_key":true,"transfer_complete":true,"is_partitioned":false,"complete_time_ticks":1643000562104,"user_data":{},"test_doc":0,"handle":{"bucket":"applieddatasciencecapstoneproject-donotdelete-pr-qoabjlg7hu4eck","location":"us-geo","key":"notebook/Data_Collection_API_Lab_2bZVHXsKw.ipynb","upload_id":"done","max_part_num":1},"usage":{"access_count":26,"last_accessor_id":"IBMid-55000A9B5X","last_access_time":1643010297135,"last_updater_id":"IBMid-55000A9B5X","last_update_time":1643010297135}}]}
